Tweet ID,Date,Text
Tweet1,1/1/2024,1. Just finished an amazing workout ?? #feelinggood
Tweet2,1/2/2024,2. Can't believe it's already Friday! Time flies ?
Tweet3,1/3/2024,3. Trying out a new recipe tonight ??? Hope it turns out well!
Tweet4,1/4/2024,4. Feeling grateful for the little things in life today ??
Tweet5,1/5/2024,5. Lost in a good book ?? #readingtime
Tweet6,1/6/2024,6. Excited for the weekend ahead ?? Any fun plans?
Tweet7,1/7/2024,7. Enjoying a cup of coffee on this chilly morning ?
Tweet8,1/8/2024,8. Taking a break from social media for a while to focus on myself.
Tweet9,1/9/2024,9. Feeling inspired after attending a motivational seminar ??
Tweet10,1/10/2024,10. Finally got around to organizing my closet! #decluttering
Tweet11,1/11/2024,11. Starting a new hobby - learning to play the guitar ??
Tweet12,1/12/2024,12. Reflecting on the past year and setting goals for the future.
Tweet13,1/13/2024,13. Grateful for good friends who always have my back ??
Tweet14,1/14/2024,14. Ready to tackle the day! ?? #MondayMotivation
Tweet15,1/15/2024,15. Treating myself to a spa day because self-care is important ?????
Tweet16,1/16/2024,16. Enjoying some quiet time with a cup of tea ? #relaxing
Tweet17,1/17/2024,17. Feeling productive after a morning workout ?? #morningroutine
Tweet18,1/18/2024,18. Excited to try out a new restaurant for dinner tonight ???
Tweet19,1/19/2024,19. Wishing everyone a happy and peaceful Sunday ?? #weekendvibes
Tweet20,1/20/2024,20. Just booked a spontaneous trip! ?? Where should I go next?
Tweet21,1/21/2024,21. Celebrating a small victory today ?? #progress
Tweet22,1/22/2024,22. Staying in tonight and binge-watching my favorite series ?? #cozy
Tweet23,1/23/2024,23. Making a gratitude list to remind myself of all the good things in life.
Tweet24,1/24/2024,24. Feeling refreshed after a good night's sleep ?? #rested
Tweet25,1/25/2024,25. Embracing change and stepping out of my comfort zone.
Tweet26,1/26/2024,26. Enjoying a leisurely walk in the park ?? #naturetherapy
Tweet27,1/27/2024,27. Trying to be more mindful and present in each moment.
Tweet28,1/28/2024,28. Reflecting on what I'm grateful for today ?? #gratitude
Tweet29,1/29/2024,29. Getting lost in the world of creativity ? #arttherapy
Tweet30,1/30/2024,30. Ready to conquer the day with a positive attitude! ??
Tweet31,1/31/2024,31. Feeling energized after a morning yoga session ????? #namaste
Tweet32,2/1/2024,32. Taking time to appreciate the beauty of everyday life.
Tweet33,2/2/2024,33. Working on personal growth and self-improvement ??
Tweet34,2/3/2024,34. Making time for hobbies that bring me joy and fulfillment.
Tweet35,2/4/2024,35. Enjoying the simple pleasures in life ?? #grateful
Tweet36,2/5/2024,36. Feeling motivated to make positive changes in my life.
Tweet37,2/6/2024,37. Embracing my imperfections and practicing self-love ??
Tweet38,2/7/2024,38. Setting boundaries and prioritizing my mental health.
Tweet39,2/8/2024,39. Surrounding myself with positive vibes and good energy ?
Tweet40,2/9/2024,40. Reminding myself to take things one step at a time.
Tweet41,2/10/2024,41. Trying not to sweat the small stuff and focus on the big picture.
Tweet42,2/11/2024,"42. Celebrating progress, no matter how small ?? #growth"
Tweet43,2/12/2024,43. Taking a moment to appreciate the beauty of nature ??
Tweet44,2/13/2024,44. Listening to my favorite music and letting go of stress ??
Tweet45,2/14/2024,45. Feeling grateful for the love and support of my friends and family.
Tweet46,2/15/2024,46. Finding joy in the little things today ?? #happy
Tweet47,2/16/2024,47. Learning to let go of what I can't control and focus on what I can.
Tweet48,2/17/2024,48. Taking a mental health day to recharge and reset.
Tweet49,2/18/2024,49. Starting the day with a grateful heart ?? #blessed
Tweet50,2/19/2024,50. Reflecting on the lessons learned and looking forward to new opportunities.
,,
